<TICKER>,<PER>,<DATE>,<TIME>,<OPEN>,<HIGH>,<LOW>,<CLOSE>,<VOL>
DATA,D,20200826,00:00:00,50.32,50.56,50.02,60.32,
DATA,D,20200827,00:00:00,50.48,50.56,49.8,60.48,
DATA,D,20200828,00:00:00,50.12,50.12,49.4,60.12,
DATA,D,20200831,00:00:00,49.8,50.06,49.16,59.8,
DATA,D,20200901,00:00:00,49.64,49.78,49.2,59.64,
DATA,D,20200902,00:00:00,49.7,49.94,49,59.7,
DATA,D,20200903,00:00:00,49.38,49.4,48.5,59.38,
DATA,D,20200904,00:00:00,48.7,49,48.26,58.7,
DATA,D,20200907,00:00:00,48.54,49.06,48.54,58.54,
DATA,D,20200908,00:00:00,48.92,49.1,47.8,58.92,
DATA,D,20200909,00:00:00,48.02,48.2,47.82,58.02,
DATA,D,20200910,00:00:00,47.94,48.22,47.5,57.94,
DATA,D,20200911,00:00:00,48.1,48.48,47.8,58.1,
DATA,D,20200914,00:00:00,48.26,48.9,48.26,58.26,
DATA,D,20200915,00:00:00,48.86,49.6,48.74,58.86,
DATA,D,20200916,00:00:00,49.48,49.76,49.18,59.48,
DATA,D,20200917,00:00:00,49.24,49.48,48.84,59.24,
DATA,D,20200918,00:00:00,49.48,49.58,49.02,59.48,
DATA,D,20200921,00:00:00,49.08,49.08,47.4,59.08,
DATA,D,20200922,00:00:00,48.06,48.44,47.66,58.06,
DATA,D,20200923,00:00:00,48,49.14,48,58,
DATA,D,20200924,00:00:00,48.54,48.54,47.96,58.54,
DATA,D,20200925,00:00:00,48.2,48.4,47.8,58.2,
DATA,D,20200928,00:00:00,48.52,48.82,48.26,58.52,
DATA,D,20200929,00:00:00,48.92,49.04,48.04,58.92,
DATA,D,20200930,00:00:00,48.26,48.6,48.02,58.26,
DATA,D,20201001,00:00:00,48.22,48.6,48.02,58.22,
DATA,D,20201002,00:00:00,47.5,47.62,47.06,57.5,
DATA,D,20201005,00:00:00,48,48.38,47.88,58,
DATA,D,20201006,00:00:00,48.48,48.88,48.38,58.48,
DATA,D,20201007,00:00:00,48.38,48.64,47.9,58.38,
DATA,D,20201008,00:00:00,48.16,48.18,47.82,58.16,
DATA,D,20201009,00:00:00,47.96,47.98,47.36,57.96,
DATA,D,20201012,00:00:00,47.7,48.26,47.7,57.7,
DATA,D,20201013,00:00:00,48.32,48.38,47.7,58.32,
DATA,D,20201014,00:00:00,47.88,48.26,47.72,57.88,
DATA,D,20201015,00:00:00,48.2,48.2,47.44,58.2,
DATA,D,20201016,00:00:00,47.7,47.7,47.12,57.7,
DATA,D,20201019,00:00:00,47.4,47.5,47.16,57.4,
DATA,D,20201020,00:00:00,47.18,47.5,46.98,57.18,
DATA,D,20201021,00:00:00,47.28,47.64,47.12,57.28,
DATA,D,20201022,00:00:00,47.2,47.46,47.04,57.2,
DATA,D,20201023,00:00:00,47.5,47.76,47.26,57.5,
DATA,D,20201026,00:00:00,47.64,47.68,47.1,57.64,
DATA,D,20201027,00:00:00,47.2,47.34,46.64,57.2,
DATA,D,20201028,00:00:00,46.62,46.7,45.4,56.62,
DATA,D,20201029,00:00:00,45.86,46,45.42,55.86,
DATA,D,20201030,00:00:00,45.5,45.78,45.14,55.5,
DATA,D,20201102,00:00:00,45.58,46.42,45.04,55.58,
DATA,D,20201103,00:00:00,46.38,47.08,46.38,56.38,
DATA,D,20201105,00:00:00,47.3,48.34,47.3,57.3,
DATA,D,20201106,00:00:00,48.2,48.8,47.8,58.2,
DATA,D,20201109,00:00:00,48.88,50.36,48.88,58.88,
DATA,D,20201110,00:00:00,50.06,50.84,49.58,60.06,
DATA,D,20201111,00:00:00,50.54,51.08,50.38,60.54,
DATA,D,20201112,00:00:00,50.82,51,50.4,60.82,
DATA,D,20201113,00:00:00,50.92,51,50.58,60.92,
DATA,D,20201116,00:00:00,51.12,52,50.96,61.12,
DATA,D,20201117,00:00:00,52.1,52.1,51.08,62.1,
DATA,D,20201118,00:00:00,51.62,51.98,51.2,61.62,
DATA,D,20201119,00:00:00,51.94,51.94,51.3,61.94,
DATA,D,20201120,00:00:00,51.66,51.76,51.32,61.66,
DATA,D,20201123,00:00:00,51.64,52.24,51.5,61.64,
DATA,D,20201124,00:00:00,51.76,52.24,51.6,61.76,
DATA,D,20201125,00:00:00,52.26,53,52.2,62.26,
DATA,D,20201126,00:00:00,52.94,53.3,52.8,62.94,
DATA,D,20201127,00:00:00,52.96,53.06,52.4,62.96,
DATA,D,20201130,00:00:00,52.86,53.02,52.2,62.86,
DATA,D,20201201,00:00:00,52.52,53.38,52.48,62.52,
DATA,D,20201202,00:00:00,53.06,53.8,53,63.06,
DATA,D,20201203,00:00:00,53.72,54,53.14,63.72,
DATA,D,20201204,00:00:00,53.5,54,53.28,63.5,
DATA,D,20201207,00:00:00,53.66,54.2,53.66,63.66,
DATA,D,20201208,00:00:00,53.94,53.94,53.2,63.94,
DATA,D,20201209,00:00:00,53.74,54.46,53.66,63.74,
DATA,D,20201210,00:00:00,54.18,54.8,53.84,64.18,
DATA,D,20201211,00:00:00,54.58,55.6,54.42,64.58,
DATA,D,20201214,00:00:00,55.4,56.02,54.68,65.4,
DATA,D,20201215,00:00:00,55.2,55.52,54.74,65.2,
DATA,D,20201216,00:00:00,54.86,55.36,54.52,64.86,
DATA,D,20201217,00:00:00,55.26,55.92,55.14,65.26,
DATA,D,20201218,00:00:00,55.58,55.58,54.9,65.58,
DATA,D,20201221,00:00:00,55.16,55.16,53.54,65.16,
DATA,D,20201222,00:00:00,54.18,54.72,53.54,64.18,
DATA,D,20201223,00:00:00,54.5,54.72,54.24,64.5,
DATA,D,20201224,00:00:00,54.72,54.98,54.52,64.72,
DATA,D,20201225,00:00:00,54.66,54.86,54.5,64.66,
DATA,D,20201228,00:00:00,54.52,55.04,54.52,64.52,
DATA,D,20201229,00:00:00,55.1,55.36,54.98,65.1,
DATA,D,20201230,00:00:00,55.24,55.64,55.14,65.24,
DATA,D,20210104,00:00:00,55.58,56.58,55.58,65.58,
DATA,D,20210105,00:00:00,56.3,56.58,55.78,66.3,
DATA,D,20210106,00:00:00,56.8,57.16,56.56,66.8,
DATA,D,20210108,00:00:00,57.1,58.68,56.94,67.1,
DATA,D,20210111,00:00:00,58.48,59.48,57.9,68.48,
DATA,D,20210112,00:00:00,59.02,59.54,58.4,69.02,
DATA,D,20210113,00:00:00,58.96,59.2,58.34,68.96,
DATA,D,20210114,00:00:00,58.64,59.1,57.9,68.64,
DATA,D,20210115,00:00:00,58.92,59.2,58.3,68.92,
DATA,D,20210118,00:00:00,58.4,58.66,57.74,68.4,
DATA,D,20210119,00:00:00,58.58,58.9,58.14,68.58,
DATA,D,20210120,00:00:00,58.44,58.74,58.2,68.44,
DATA,D,20210121,00:00:00,58.6,58.86,57.58,68.6,
DATA,D,20210122,00:00:00,57.66,57.66,56.5,67.66,
DATA,D,20210125,00:00:00,57.5,57.82,57,67.5,
DATA,D,20210126,00:00:00,57.3,57.5,56.84,67.3,
DATA,D,20210127,00:00:00,57.66,58.8,56.06,67.66,
DATA,D,20210128,00:00:00,56.4,56.6,55.66,66.4,
DATA,D,20210129,00:00:00,56.34,56.34,55.28,66.34,
DATA,D,20210201,00:00:00,55.38,55.82,55.1,65.38,
DATA,D,20210202,00:00:00,55.82,56.8,55.82,65.82,
DATA,D,20210203,00:00:00,56.3,56.9,56.24,66.3,
DATA,D,20210204,00:00:00,56.68,57.08,56.42,66.68,
DATA,D,20210205,00:00:00,57.44,57.44,56.9,67.44,
DATA,D,20210208,00:00:00,57.2,58.06,57.1,67.2,
DATA,D,20210209,00:00:00,58.3,58.52,57.64,68.3,
DATA,D,20210210,00:00:00,58.02,58.1,57.2,68.02,
DATA,D,20210211,00:00:00,57.42,57.58,57.2,67.42,
DATA,D,20210212,00:00:00,57.46,57.6,56.4,67.46,
DATA,D,20210215,00:00:00,57.02,58.52,57,67.02,
DATA,D,20210216,00:00:00,58.64,59.16,58.6,68.64,
DATA,D,20210217,00:00:00,59,59,57.82,69,
DATA,D,20210218,00:00:00,57.9,58.86,57.26,67.9,
DATA,D,20210219,00:00:00,57.52,58.34,56.86,67.52,
DATA,D,20210220,00:00:00,58.08,58.34,57.78,68.08,
DATA,D,20210222,00:00:00,58.18,58.26,57.52,68.18,
DATA,D,20210224,00:00:00,57.6,57.86,57.04,67.6,
DATA,D,20210225,00:00:00,57.38,57.7,57.14,67.38,
DATA,D,20210226,00:00:00,57.4,57.4,56.02,67.4,
DATA,D,20210301,00:00:00,56.72,57.14,56.44,66.72,
DATA,D,20210302,00:00:00,56.8,57.6,56.76,66.8,
DATA,D,20210303,00:00:00,57.66,58,57.36,67.66,
DATA,D,20210304,00:00:00,57.34,57.46,56.68,67.34,
DATA,D,20210305,00:00:00,56.7,57.9,56.66,66.7,
DATA,D,20210309,00:00:00,57.84,58.76,57.5,67.84,
DATA,D,20210310,00:00:00,58.6,59.1,58.3,68.6,
DATA,D,20210311,00:00:00,58.68,58.94,58.38,68.68,
DATA,D,20210312,00:00:00,59.24,59.44,58.96,69.24,
DATA,D,20210315,00:00:00,59.68,60.64,58.14,69.68,
DATA,D,20210316,00:00:00,60.7,60.7,59.78,70.7,
DATA,D,20210317,00:00:00,60.22,60.38,58.96,70.22,
DATA,D,20210318,00:00:00,59.56,59.76,58.96,69.56,
DATA,D,20210319,00:00:00,58.38,58.92,57.5,68.38,
DATA,D,20210322,00:00:00,58.76,58.88,58.46,68.76,
DATA,D,20210323,00:00:00,58.78,58.78,58.24,68.78,
DATA,D,20210324,00:00:00,58.26,58.7,58,68.26,
DATA,D,20210325,00:00:00,58.52,58.6,57.94,68.52,
DATA,D,20210326,00:00:00,58.54,58.84,58.36,68.54,
DATA,D,20210329,00:00:00,59.06,59.58,58.86,69.06,
DATA,D,20210330,00:00:00,59.6,59.74,59,69.6,
DATA,D,20210331,00:00:00,59.14,59.52,59.14,69.14,
DATA,D,20210401,00:00:00,59.42,60.08,59.42,69.42,
DATA,D,20210402,00:00:00,59.76,60,59.56,69.76,
DATA,D,20210405,00:00:00,60,60,59.2,70,
DATA,D,20210406,00:00:00,59.44,59.6,58.78,69.44,
DATA,D,20210407,00:00:00,58.84,59.14,58.22,68.84,
DATA,D,20210408,00:00:00,59.16,59.32,58.86,69.16,
DATA,D,20210409,00:00:00,59.22,59.22,58.7,69.22,
DATA,D,20210412,00:00:00,58.8,59.5,58.52,68.8,
DATA,D,20210413,00:00:00,59.2,59.5,59.12,69.2,
DATA,D,20210414,00:00:00,59.5,59.94,59.5,69.5,
DATA,D,20210415,00:00:00,59.86,60,59.32,69.86,
DATA,D,20210416,00:00:00,60.02,60.4,59.8,70.02,
DATA,D,20210419,00:00:00,60.38,60.7,60,70.38,
DATA,D,20210420,00:00:00,60.24,60.42,59.64,70.24,
DATA,D,20210421,00:00:00,59.7,60.08,59.62,69.7,
DATA,D,20210422,00:00:00,60.02,60.56,59.96,70.02,
DATA,D,20210423,00:00:00,60.52,60.6,60.24,70.52,
DATA,D,20210426,00:00:00,60.38,60.82,60.38,70.38,
DATA,D,20210427,00:00:00,60.66,61.1,60.5,70.66,
DATA,D,20210428,00:00:00,60.66,60.92,60.04,70.66,
DATA,D,20210429,00:00:00,60.38,60.78,60.12,70.38,
DATA,D,20210430,00:00:00,60.34,60.42,59.62,70.34,
DATA,D,20210504,00:00:00,59.76,60.52,59.76,69.76,
DATA,D,20210505,00:00:00,60.58,61.18,60.38,70.58,
DATA,D,20210506,00:00:00,61.34,61.76,61.16,71.34,
DATA,D,20210507,00:00:00,61.98,62.24,61.84,71.98,
DATA,D,20210510,00:00:00,62.04,62.74,61.92,72.04,
DATA,D,20210511,00:00:00,62.5,62.68,61.74,72.5,
DATA,D,20210512,00:00:00,62.1,62.6,62.04,72.1,
DATA,D,20210513,00:00:00,61.88,62.06,61.34,71.88,
DATA,D,20210514,00:00:00,62.28,62.44,61.84,72.28,
DATA,D,20210517,00:00:00,62.12,62.34,61.76,72.12,
DATA,D,20210518,00:00:00,62.2,62.98,62.2,72.2,
DATA,D,20210519,00:00:00,63.04,63.04,61.64,73.04,
DATA,D,20210520,00:00:00,61.94,62.3,61.2,71.94,
DATA,D,20210521,00:00:00,62.02,62.42,61.7,72.02,
DATA,D,20210524,00:00:00,62.3,62.64,62.12,72.3,
DATA,D,20210525,00:00:00,62.48,62.9,62.42,72.48,
DATA,D,20210526,00:00:00,62.92,63.24,62.78,72.92,
DATA,D,20210527,00:00:00,63.14,63.64,63,73.14,
DATA,D,20210528,00:00:00,63.76,63.94,63.5,73.76,
DATA,D,20210531,00:00:00,63.64,63.84,63.58,73.64,
DATA,D,20210601,00:00:00,63.76,64.76,63.76,73.76,
DATA,D,20210602,00:00:00,64.56,64.94,64.46,74.56,
DATA,D,20210603,00:00:00,65.54,65.6,64.5,75.54,
DATA,D,20210604,00:00:00,65.12,65.2,64.5,75.12,
DATA,D,20210607,00:00:00,65.3,65.42,65,75.3,
DATA,D,20210608,00:00:00,65.32,65.6,65.06,75.32,
DATA,D,20210609,00:00:00,65.24,65.6,65.2,75.24,
DATA,D,20210610,00:00:00,65.68,65.78,65.42,75.68,
DATA,D,20210611,00:00:00,65.74,65.92,65.5,75.74,
DATA,D,20210614,00:00:00,65.86,66.16,65.84,75.86,
DATA,D,20210615,00:00:00,66.2,66.24,65.5,76.2,
DATA,D,20210616,00:00:00,65.84,65.84,65,75.84,
DATA,D,20210617,00:00:00,65.44,65.6,64.86,75.44,
DATA,D,20210618,00:00:00,65.1,65.36,64.5,75.1,
DATA,D,20210621,00:00:00,65.12,65.3,64.8,75.12,
DATA,D,20210622,00:00:00,65.56,65.64,65.3,75.56,
DATA,D,20210623,00:00:00,65.68,65.9,65.48,75.68,
DATA,D,20210624,00:00:00,65.7,65.82,65,75.7,
DATA,D,20210625,00:00:00,65.46,65.64,65.02,75.46,
DATA,D,20210628,00:00:00,65.74,65.8,65.4,75.74,
DATA,D,20210629,00:00:00,65.6,65.6,64.6,75.6,
DATA,D,20210630,00:00:00,64.96,65.68,64.74,74.96,
DATA,D,20210701,00:00:00,65.98,66.28,65.68,75.98,
DATA,D,20210702,00:00:00,66.44,66.7,66.16,76.44,
DATA,D,20210705,00:00:00,66.72,66.82,66.44,76.72,
DATA,D,20210706,00:00:00,67.04,67.48,66.78,77.04,
DATA,D,20210707,00:00:00,66.94,67.36,66.82,76.94,
DATA,D,20210708,00:00:00,67.22,67.22,66.24,77.22,
DATA,D,20210709,00:00:00,66.54,66.92,66.38,76.54,
DATA,D,20210712,00:00:00,66.76,67,66.48,76.76,
DATA,D,20210713,00:00:00,67.1,67.2,66.5,77.1,
DATA,D,20210714,00:00:00,67,67.08,66.6,77,
DATA,D,20210715,00:00:00,66.56,66.66,65.82,76.56,
DATA,D,20210716,00:00:00,66.06,66.32,65.22,76.06,
DATA,D,20210719,00:00:00,65.5,65.64,63.9,75.5,
DATA,D,20210720,00:00:00,64.42,64.86,64.12,74.42,
DATA,D,20210721,00:00:00,64.88,65.22,64.6,74.88,
DATA,D,20210722,00:00:00,65.3,65.54,65,75.3,
DATA,D,20210723,00:00:00,65.58,65.7,65,75.58,
DATA,D,20210726,00:00:00,65.2,65.46,64.74,75.2,
DATA,D,20210727,00:00:00,65.68,65.68,65.12,75.68,
DATA,D,20210728,00:00:00,65.2,65.6,65.12,75.2,
DATA,D,20210729,00:00:00,65.66,66.32,65.66,75.66,
DATA,D,20210730,00:00:00,66.28,66.28,65.54,76.28,
DATA,D,20210802,00:00:00,65.94,66.24,65.8,75.94,
DATA,D,20210803,00:00:00,65.94,66.14,65.8,75.94,
DATA,D,20210804,00:00:00,66.3,66.32,66.02,76.3,
DATA,D,20210805,00:00:00,66.06,66.54,66.06,76.06,
DATA,D,20210806,00:00:00,66.6,66.8,66.3,76.6,
DATA,D,20210809,00:00:00,66.38,66.7,65.9,76.38,
DATA,D,20210810,00:00:00,66.9,67.3,66.72,76.9,
DATA,D,20210811,00:00:00,67.26,67.66,67.26,77.26,
DATA,D,20210812,00:00:00,67.62,67.96,67.54,77.62,
DATA,D,20210813,00:00:00,67.78,67.86,67.42,77.78,
DATA,D,20210816,00:00:00,67.54,67.84,67.16,77.54,
DATA,D,20210817,00:00:00,67.9,68.7,67.82,77.9,
DATA,D,20210818,00:00:00,68.54,68.76,68.2,78.54,
DATA,D,20210819,00:00:00,67.94,67.94,66.88,77.94,
DATA,D,20210820,00:00:00,67.38,67.5,66.58,77.38,
DATA,D,20210823,00:00:00,66.92,67.72,66.92,76.92,
DATA,D,20210824,00:00:00,67.6,68.06,67.18,77.6,
DATA,D,20210825,00:00:00,67.8,67.96,67.4,77.8,
DATA,D,20210826,00:00:00,67.68,67.68,67.06,77.68,
DATA,D,20210827,00:00:00,67.18,67.66,66.84,77.18,
DATA,D,20210830,00:00:00,67.66,68.38,67.64,77.66,
DATA,D,20210831,00:00:00,68.3,68.6,68,78.3,
DATA,D,20210901,00:00:00,68.32,69,68.06,78.32,
DATA,D,20210902,00:00:00,69.46,69.58,68.98,79.46,
DATA,D,20210903,00:00:00,69.32,69.6,68.98,79.32,
DATA,D,20210906,00:00:00,69.86,70.24,69.64,79.86,
DATA,D,20210907,00:00:00,70.22,70.48,69.8,80.22,
DATA,D,20210908,00:00:00,70.02,70.3,69.58,80.02,
DATA,D,20210909,00:00:00,70.28,70.28,69.54,80.28,
DATA,D,20210910,00:00:00,69.4,69.96,69.02,79.4,
DATA,D,20210913,00:00:00,69.86,70.52,69.76,79.86,
DATA,D,20210914,00:00:00,70.62,70.94,70.56,80.62,
DATA,D,20210915,00:00:00,70.78,71.28,70.74,80.78,
DATA,D,20210916,00:00:00,71.16,71.2,70.26,81.16,
DATA,D,20210917,00:00:00,70.52,70.7,69.96,80.52,
DATA,D,20210920,00:00:00,70.2,70.36,68.98,80.2,
DATA,D,20210921,00:00:00,69.08,69.68,69.04,79.08,
DATA,D,20210922,00:00:00,69.44,70.36,69.4,79.44,
DATA,D,20210923,00:00:00,70.42,70.8,70.16,80.42,
DATA,D,20210924,00:00:00,70.7,70.78,70.2,80.7,
DATA,D,20210927,00:00:00,70.7,71.3,70.5,80.7,
DATA,D,20210928,00:00:00,71.48,71.74,70.74,81.48,
DATA,D,20210929,00:00:00,70.74,71.14,70.38,80.74,
DATA,D,20210930,00:00:00,70.94,71.48,70.86,80.94,
DATA,D,20211001,00:00:00,71.42,71.52,70.9,81.42,
DATA,D,20211004,00:00:00,71.68,72,71.42,81.68,
DATA,D,20211005,00:00:00,72,73.56,71.82,82,
DATA,D,20211006,00:00:00,73.88,74.44,72.6,83.88,
DATA,D,20211007,00:00:00,73.36,73.98,72.92,83.36,
DATA,D,20211008,00:00:00,73.74,74.44,73.7,83.74,
DATA,D,20211011,00:00:00,74.26,75,74.18,84.26,
DATA,D,20211012,00:00:00,74.86,74.86,74.38,84.86,
DATA,D,20211013,00:00:00,74.44,74.5,73.02,84.44,
DATA,D,20211014,00:00:00,74.48,75,74.48,84.48,
DATA,D,20211015,00:00:00,74.72,74.9,74.34,84.72,
DATA,D,20211018,00:00:00,74.68,74.68,73.98,84.68,
DATA,D,20211019,00:00:00,74.42,74.9,74.24,84.42,
DATA,D,20211020,00:00:00,74.92,75.24,74.62,84.92,
DATA,D,20211021,00:00:00,75.06,75.06,73.78,85.06,
DATA,D,20211022,00:00:00,73.96,74.38,73.6,83.96,
DATA,D,20211025,00:00:00,73.38,74.54,73.2,83.38,
DATA,D,20211026,00:00:00,74.52,74.72,74.28,84.52,
DATA,D,20211027,00:00:00,74.3,74.3,73.48,84.3,
DATA,D,20211028,00:00:00,74.44,74.48,72.8,84.44,
DATA,D,20211029,00:00:00,73.3,73.48,72.18,83.3,
DATA,D,20211101,00:00:00,72.86,73.94,72.76,82.86,
DATA,D,20211102,00:00:00,74.32,74.36,73.6,84.32,
DATA,D,20211103,00:00:00,73.84,74.1,73,83.84,
DATA,D,20211105,00:00:00,73.62,73.62,72.96,83.62,
DATA,D,20211108,00:00:00,73.44,73.9,73.34,83.44,
DATA,D,20211109,00:00:00,73.82,74,73.42,83.82,
DATA,D,20211110,00:00:00,73.22,73.5,72.8,83.22,
DATA,D,20211111,00:00:00,72.42,73.46,72.08,82.42,
DATA,D,20211112,00:00:00,73.38,73.38,71.8,83.38,
DATA,D,20211115,00:00:00,72.02,72.82,72.02,82.02,
DATA,D,20211116,00:00:00,72.46,72.78,71.8,82.46,
DATA,D,20211117,00:00:00,72.02,72.66,71.96,82.02,
DATA,D,20211118,00:00:00,72.44,72.74,71.54,82.44,
DATA,D,20211119,00:00:00,71.94,72.26,70.22,81.94,
DATA,D,20211122,00:00:00,70.5,70.5,67.96,80.5,
DATA,D,20211123,00:00:00,69.08,69.56,65.94,79.08,
DATA,D,20211124,00:00:00,70.08,70.5,68.68,80.08,
DATA,D,20211125,00:00:00,69.52,69.96,68.56,79.52,
DATA,D,20211126,00:00:00,68.88,69.08,65.22,78.88,
DATA,D,20211129,00:00:00,66.76,68.92,66.4,76.76,
DATA,D,20211130,00:00:00,67.9,68.42,67,77.9,
DATA,D,20211201,00:00:00,67.72,69.3,67.72,77.72,
DATA,D,20211202,00:00:00,68.82,69.48,68.6,78.82,
DATA,D,20211203,00:00:00,69.56,69.6,68.5,79.56,
DATA,D,20211206,00:00:00,69.08,69.1,66.62,79.08,
DATA,D,20211207,00:00:00,67.54,67.96,66.88,77.54,
DATA,D,20211208,00:00:00,68.58,68.64,66.2,78.58,
DATA,D,20211209,00:00:00,66.82,67.44,66.4,76.82,
DATA,D,20211210,00:00:00,66.86,66.96,66,76.86,
DATA,D,20211213,00:00:00,66.62,66.64,63.6,76.62,
DATA,D,20211214,00:00:00,62.06,63.84,61.98,72.06,
DATA,D,20211215,00:00:00,64.24,64.34,63.36,74.24,
DATA,D,20211216,00:00:00,65.2,66,64.96,75.2,
DATA,D,20211217,00:00:00,65.6,65.9,64.9,75.6,
DATA,D,20211220,00:00:00,64.86,65,64.22,74.86,
DATA,D,20211221,00:00:00,65.42,65.7,64.8,75.42,
DATA,D,20211222,00:00:00,65.54,66.42,65.22,75.54,
DATA,D,20211223,00:00:00,66.28,66.3,65.3,76.28,
DATA,D,20211224,00:00:00,65.44,65.46,64.6,75.44,
DATA,D,20211227,00:00:00,65.04,67.16,64.72,75.04,
DATA,D,20211228,00:00:00,66.6,67.06,66.28,76.6,
DATA,D,20211229,00:00:00,66.5,66.72,66.02,76.5,
DATA,D,20211230,00:00:00,66.32,66.88,64.5,76.32,
DATA,D,20220103,00:00:00,67.28,68.1,66.9,77.28,
DATA,D,20220104,00:00:00,68.38,68.66,67.66,78.38,
DATA,D,20220105,00:00:00,68.22,68.22,65.3,78.22,
DATA,D,20220106,00:00:00,66.16,68.4,65.1,76.16,
DATA,D,20220110,00:00:00,67,67.06,65,77,
DATA,D,20220111,00:00:00,66.52,67.2,66.22,76.52,
DATA,D,20220112,00:00:00,67.1,67.84,66.7,77.1,
DATA,D,20220113,00:00:00,67.5,67.58,65,77.5,
DATA,D,20220114,00:00:00,65.9,66.1,62.36,75.9,
DATA,D,20220117,00:00:00,64.38,64.58,62.26,74.38,
DATA,D,20220118,00:00:00,62.52,62.78,58,72.52,
DATA,D,20220119,00:00:00,58.3,62.1,57.98,68.3,
DATA,D,20220120,00:00:00,62.46,62.68,60.5,72.46,
DATA,D,20220121,00:00:00,60.78,62.12,60.4,70.78,
DATA,D,20220124,00:00:00,60.62,60.84,55.44,70.62,
DATA,D,20220125,00:00:00,58.94,59.6,57.1,68.94,
DATA,D,20220126,00:00:00,59.22,60.48,58.32,69.22,
DATA,D,20220127,00:00:00,58.38,62.48,58.16,68.38,
DATA,D,20220128,00:00:00,62.12,62.58,61.08,72.12,
DATA,D,20220131,00:00:00,62.6,63.26,62.3,72.6,
DATA,D,20220201,00:00:00,63.34,63.48,62.42,73.34,
DATA,D,20220202,00:00:00,63.5,63.5,62.44,73.5,
DATA,D,20220203,00:00:00,62.22,62.46,61.12,72.22,
DATA,D,20220204,00:00:00,62.22,63.02,61.42,72.22,
DATA,D,20220207,00:00:00,62.42,62.48,61.06,72.42,
DATA,D,20220208,00:00:00,62,63,61.86,72,
DATA,D,20220209,00:00:00,63.52,64.62,63.4,73.52,
DATA,D,20220210,00:00:00,64.34,65,63.52,74.34,
DATA,D,20220211,00:00:00,63.62,63.7,61.06,73.62,
DATA,D,20220214,00:00:00,61.34,62.4,60.42,71.34,
DATA,D,20220215,00:00:00,62.82,64.2,62.2,72.82,
DATA,D,20220216,00:00:00,65.22,65.32,63.9,75.22,
DATA,D,20220217,00:00:00,63.68,63.68,62,73.68,
DATA,D,20220218,00:00:00,62.98,63.12,59.5,72.98,
DATA,D,20220221,00:00:00,60.6,61.28,49.18,70.6,
DATA,D,20220222,00:00:00,51.5,55.42,48.7,61.5,
DATA,D,20220224,00:00:00,52.96,54.7,35,62.96,
DATA,D,20220225,00:00:00,41.8,50.14,41.02,51.8,
DATA,D,20220330,00:00:00,44.5,44.62,41.4,54.5,
DATA,D,20220331,00:00:00,44.74,48,44.7,54.74,
DATA,D,20220401,00:00:00,48.02,50.1,48,58.02,
DATA,D,20220404,00:00:00,48.94,50.26,47.36,58.94,
DATA,D,20220405,00:00:00,49.18,49.62,45.42,59.18,
DATA,D,20220406,00:00:00,47.22,47.74,45.86,57.22,
DATA,D,20220407,00:00:00,46.36,46.88,46.3,56.36,
DATA,D,20220408,00:00:00,46.78,47.12,45.02,56.78,
DATA,D,20220411,00:00:00,45.7,46.38,45.38,55.7,
DATA,D,20220412,00:00:00,45.66,45.94,44,55.66,
DATA,D,20220413,00:00:00,44.96,45.38,44.58,54.96,
DATA,D,20220414,00:00:00,45.14,45.24,42.8,55.14,
DATA,D,20220415,00:00:00,43,43.86,41.84,53,
DATA,D,20220418,00:00:00,43.24,43.54,41.36,53.24,
DATA,D,20220419,00:00:00,41.86,41.9,39,51.86,
DATA,D,20220420,00:00:00,40.6,42.04,39.86,50.6,
DATA,D,20220421,00:00:00,41.5,41.5,39.98,51.5,
DATA,D,20220422,00:00:00,40.38,40.38,39.08,50.38,
DATA,D,20220425,00:00:00,39.68,39.7,38.2,49.68,
DATA,D,20220426,00:00:00,38.7,41.16,38.6,48.7,
DATA,D,20220427,00:00:00,40.96,42.96,40.42,50.96,
DATA,D,20220428,00:00:00,42.9,44.36,41.8,52.9,
DATA,D,20220429,00:00:00,41.92,43.18,41.92,51.92,
DATA,D,20220504,00:00:00,43.1,44,41.84,53.1,
DATA,D,20220505,00:00:00,42.06,42.6,41.92,52.06,
DATA,D,20220506,00:00:00,42.3,42.4,41.62,52.3,
DATA,D,20220511,00:00:00,42.6,42.98,41.8,52.6,
DATA,D,20220512,00:00:00,42.2,42.38,40.2,52.2,
DATA,D,20220513,00:00:00,40.98,41.28,40.26,50.98,
DATA,D,20220516,00:00:00,41.04,41.94,40.9,51.04,
DATA,D,20220517,00:00:00,41.88,42.7,41.76,51.88,
DATA,D,20220518,00:00:00,42.74,44.04,42.72,52.74,
DATA,D,20220519,00:00:00,43.1,43.24,42.52,53.1,
DATA,D,20220520,00:00:00,43,43.26,41.64,53,
DATA,D,20220523,00:00:00,41.88,42.44,40.48,51.88,
DATA,D,20220524,00:00:00,40.74,40.96,39.26,50.74,
DATA,D,20220525,00:00:00,40.78,41.46,40.32,50.78,
DATA,D,20220526,00:00:00,41.22,42.68,41.04,51.22,
DATA,D,20220527,00:00:00,42.5,43,42.34,52.5,
DATA,D,20220530,00:00:00,42.56,43.06,41.96,52.56,
DATA,D,20220531,00:00:00,42.4,42.48,41.42,52.4,
DATA,D,20220601,00:00:00,41.54,42.24,41.34,51.54,
DATA,D,20220602,00:00:00,41.94,42.1,41.28,51.94,
DATA,D,20220603,00:00:00,41.4,41.48,40.5,51.4,
DATA,D,20220606,00:00:00,40.9,41.5,40.2,50.9,
DATA,D,20220607,00:00:00,40.3,40.6,39.66,50.3,
DATA,D,20220608,00:00:00,40.42,41.48,40.42,50.42,
DATA,D,20220609,00:00:00,41.18,41.18,40.34,51.18,
DATA,D,20220610,00:00:00,40.7,40.78,40.2,50.7,
DATA,D,20220614,00:00:00,40.34,40.78,40.02,50.34,
DATA,D,20220615,00:00:00,40.5,41.28,40.48,50.5,
DATA,D,20220616,00:00:00,41.34,42.1,41.22,51.34,
DATA,D,20220617,00:00:00,42.02,42.18,41.52,52.02,
DATA,D,20220620,00:00:00,41.68,42.5,41.66,51.68,
DATA,D,20220621,00:00:00,42.52,42.8,42,52.52,
DATA,D,20220622,00:00:00,42,42.22,41.24,52,
DATA,D,20220623,00:00:00,42.06,42.5,41.78,52.06,
DATA,D,20220624,00:00:00,42.7,42.7,42,52.7,
DATA,D,20220627,00:00:00,42.3,42.76,42.18,52.3,
DATA,D,20220628,00:00:00,42.74,42.9,42.4,52.74,
DATA,D,20220629,00:00:00,42.78,43.26,42.62,52.78,
DATA,D,20220630,00:00:00,42.9,43.3,40,52.9,
DATA,D,20220701,00:00:00,39.96,40.38,38.3,49.96,
DATA,D,20220704,00:00:00,39.42,40.04,39,49.42,
DATA,D,20220705,00:00:00,39.4,39.9,39.02,49.4,
DATA,D,20220706,00:00:00,39.64,40.5,39.08,49.64,
DATA,D,20220707,00:00:00,39.68,40,39.46,49.68,
DATA,D,20220708,00:00:00,39.7,39.92,39.46,49.7,
DATA,D,20220711,00:00:00,39.64,39.74,38.68,49.64,
DATA,D,20220712,00:00:00,39,39,37.32,49,
DATA,D,20220713,00:00:00,38.04,38.34,37.06,48.04,
DATA,D,20220714,00:00:00,37.1,37.84,36.6,47.1,
DATA,D,20220715,00:00:00,37,37.54,36.8,47,
DATA,D,20220718,00:00:00,37.64,38.16,37.22,47.64,
DATA,D,20220719,00:00:00,37.34,37.5,36.62,47.34,
DATA,D,20220720,00:00:00,37.18,37.46,37.02,47.18,
DATA,D,20220721,00:00:00,37.38,37.48,36.52,47.38,
DATA,D,20220722,00:00:00,36.94,37.92,36.84,46.94,
DATA,D,20220725,00:00:00,37.7,38.3,37.54,47.7,
DATA,D,20220726,00:00:00,38.3,39.3,38.3,48.3,
DATA,D,20220727,00:00:00,39.5,39.94,39.14,49.5,
DATA,D,20220728,00:00:00,39.56,39.76,38.76,49.56,
DATA,D,20220729,00:00:00,39.24,39.52,39.1,49.24,
DATA,D,20220801,00:00:00,39.62,39.76,38.86,49.62,
DATA,D,20220802,00:00:00,39.26,39.28,38.52,49.26,
DATA,D,20220803,00:00:00,38.68,38.92,38.34,48.68,
DATA,D,20220804,00:00:00,38.3,38.54,38.1,48.3,
DATA,D,20220805,00:00:00,38.14,38.38,37.02,48.14,
DATA,D,20220808,00:00:00,37.2,38.84,37.06,47.2,
DATA,D,20220809,00:00:00,37.62,38.2,37.26,47.62,
DATA,D,20220810,00:00:00,38.3,38.76,38.06,48.3,
DATA,D,20220811,00:00:00,38.64,38.86,38.48,48.64,
DATA,D,20220812,00:00:00,38.46,38.46,37.9,48.46,
DATA,D,20220815,00:00:00,38.36,38.7,38.3,48.36,
DATA,D,20220816,00:00:00,38.68,39.42,38.68,48.68,
DATA,D,20220817,00:00:00,39.5,40,39.28,49.5,
DATA,D,20220818,00:00:00,39.46,39.46,38.92,49.46,
DATA,D,20220819,00:00:00,39.26,39.74,39.12,49.26,
DATA,D,20220822,00:00:00,39.22,39.9,39.14,49.22,
DATA,D,20220823,00:00:00,39.7,40.32,39.66,49.7,
DATA,D,20220824,00:00:00,40.34,40.7,39.94,50.34,
DATA,D,20220825,00:00:00,40,40.78,40,50,
DATA,D,20220826,00:00:00,40.32,40.6,40.3,50.32,
DATA,D,20220829,00:00:00,40.62,41.3,40.5,50.62,
DATA,D,20220830,00:00:00,41.34,41.76,41.2,51.34,
DATA,D,20220831,00:00:00,43.2,43.8,42,53.2,
DATA,D,20220901,00:00:00,42.96,44,42.46,52.96,
DATA,D,20220902,00:00:00,44.3,44.8,43.5,54.3,
DATA,D,20220905,00:00:00,44.48,44.7,43.58,54.48,
DATA,D,20220906,00:00:00,44.68,44.86,42.58,54.68,
DATA,D,20220907,00:00:00,43.14,43.62,42.82,53.14,
DATA,D,20220908,00:00:00,43.4,43.42,42.32,53.4,
DATA,D,20220909,00:00:00,43,43.72,42.7,53,
DATA,D,20220912,00:00:00,43.32,44.42,43.32,53.32,
DATA,D,20220913,00:00:00,44.2,44.46,43.68,54.2,
DATA,D,20220914,00:00:00,43.96,44,43.04,53.96,
DATA,D,20220915,00:00:00,43.6,43.98,43.5,53.6,
DATA,D,20220916,00:00:00,43.98,44.38,43.78,53.98,
DATA,D,20220919,00:00:00,43.86,44.14,43.44,53.86,
DATA,D,20220920,00:00:00,43.86,43.9,38.56,53.86,
DATA,D,20220921,00:00:00,36.2,39.5,35.1,46.2,
DATA,D,20220922,00:00:00,38.06,39.56,38,48.06,
DATA,D,20220923,00:00:00,39.1,39.3,36.98,49.1,
DATA,D,20220926,00:00:00,37.32,37.32,33.26,47.32,
DATA,D,20220927,00:00:00,34.74,35.5,34.2,44.74,
DATA,D,20220928,00:00:00,35.3,36.2,35.02,45.3,
DATA,D,20220929,00:00:00,35.52,36,34.5,45.52,
DATA,D,20220930,00:00:00,35.1,35.88,34.1,45.1,
DATA,D,20221003,00:00:00,36,37.08,35.52,46,
DATA,D,20221004,00:00:00,37.22,37.86,36.5,47.22,
DATA,D,20221005,00:00:00,37.12,37.16,35.78,47.12,
DATA,D,20221006,00:00:00,36.72,37,36.34,46.72,
DATA,D,20221007,00:00:00,36.56,36.56,34.6,46.56,
DATA,D,20221010,00:00:00,33.6,36.3,33.6,43.6,
DATA,D,20221011,00:00:00,36.1,36.78,36.04,46.1,
DATA,D,20221012,00:00:00,36.7,36.98,36.42,46.7,
DATA,D,20221013,00:00:00,36.8,37.16,36.44,46.8,
DATA,D,20221014,00:00:00,36.9,37.1,36.58,46.9,
DATA,D,20221017,00:00:00,37.02,37.84,36.9,47.02,
DATA,D,20221018,00:00:00,38.14,38.36,36.92,48.14,
DATA,D,20221019,00:00:00,37.5,37.88,36.52,47.5,
DATA,D,20221020,00:00:00,37.52,38.16,37.44,47.52,
DATA,D,20221021,00:00:00,38.06,38.54,37.74,48.06,
DATA,D,20221024,00:00:00,39.46,39.46,38.62,49.46,
DATA,D,20221025,00:00:00,39.06,40.16,38.72,49.06,
DATA,D,20221026,00:00:00,40.14,40.6,39.28,50.14,
DATA,D,20221027,00:00:00,40.12,40.78,40.08,50.12,
DATA,D,20221028,00:00:00,40.78,40.9,40,50.78,
DATA,D,20221031,00:00:00,40.82,41.2,40.6,50.82,
DATA,D,20221101,00:00:00,40.84,40.98,40.56,50.84,
DATA,D,20221102,00:00:00,40.8,40.86,40.08,50.8,
DATA,D,20221103,00:00:00,40.4,40.56,39.48,50.4,
DATA,D,20221107,00:00:00,40.42,41,40.4,50.42,
DATA,D,20221108,00:00:00,41.06,41.14,40.64,51.06,
DATA,D,20221109,00:00:00,40.94,40.96,39.86,50.94,
DATA,D,20221110,00:00:00,40.36,40.9,40.14,50.36,
DATA,D,20221111,00:00:00,40.98,41.08,40.66,50.98,
DATA,D,20221114,00:00:00,41.04,41.5,41,51.04,
DATA,D,20221115,00:00:00,41.46,41.66,39.08,51.46,
DATA,D,20221116,00:00:00,40.98,41.28,40.8,50.98,
DATA,D,20221117,00:00:00,41.36,41.48,41.04,51.36,
DATA,D,20221118,00:00:00,41.18,41.24,40.76,51.18,
DATA,D,20221121,00:00:00,40.98,40.98,40.02,50.98,
DATA,D,20221122,00:00:00,40.7,40.82,40.44,50.7,
DATA,D,20221123,00:00:00,40.78,41.1,40.64,50.78,
DATA,D,20221124,00:00:00,41.02,41.26,40.88,51.02,
DATA,D,20221125,00:00:00,41.04,41.08,40.5,51.04,
DATA,D,20221128,00:00:00,40.74,40.76,40.4,50.74,
DATA,D,20221129,00:00:00,40.72,40.88,40.6,50.72,
DATA,D,20221130,00:00:00,40.68,40.72,40.56,50.68,
DATA,D,20221201,00:00:00,40.72,40.76,40.66,50.72,
DATA,D,20221202,00:00:00,40.76,40.8,40.58,50.76,
DATA,D,20221205,00:00:00,40.62,41.08,40.56,50.62,
DATA,D,20221206,00:00:00,40.94,41.08,40.74,50.94,
DATA,D,20221207,00:00:00,40.76,40.84,40.5,50.76,
DATA,D,20221208,00:00:00,40.86,40.9,40.66,50.86,
DATA,D,20221209,00:00:00,40.74,40.76,40.5,50.74,
DATA,D,20221212,00:00:00,40.74,40.84,40.08,50.74,
DATA,D,20221213,00:00:00,40.54,40.6,40.3,50.54,
DATA,D,20221214,00:00:00,40.5,40.52,40.28,50.5,
DATA,D,20221215,00:00:00,40.3,40.3,39.64,50.3,
DATA,D,20221216,00:00:00,39.78,39.94,39.56,49.78,
DATA,D,20221219,00:00:00,39.64,39.78,39.32,49.64,
DATA,D,20221220,00:00:00,39.6,40.42,39.52,49.6,
DATA,D,20221221,00:00:00,40.48,40.68,40.14,50.48,
DATA,D,20221222,00:00:00,40.48,40.7,40.44,50.48,
DATA,D,20221223,00:00:00,40.72,40.74,40.52,50.72,
DATA,D,20221226,00:00:00,40.66,40.84,40.6,50.66,
DATA,D,20221227,00:00:00,40.88,41.12,40.86,50.88,
DATA,D,20221228,00:00:00,41.1,41.12,40.92,51.1,
DATA,D,20221229,00:00:00,41.02,41.44,41,51.02,
DATA,D,20221230,00:00:00,41.4,41.4,41.1,51.4,
DATA,D,20230103,00:00:00,41.42,42,41.42,51.42,
DATA,D,20230104,00:00:00,41.94,41.94,41.42,51.94,
DATA,D,20230105,00:00:00,41.6,41.64,41.36,51.6,
DATA,D,20230106,00:00:00,41.48,41.52,41.4,51.48,
DATA,D,20230109,00:00:00,41.5,41.72,41.46,51.5,
DATA,D,20230110,00:00:00,41.66,41.66,41.22,51.66,
DATA,D,20230111,00:00:00,41.6,42,41.56,51.6,
DATA,D,20230112,00:00:00,42.02,42.34,42,52.02,
DATA,D,20230113,00:00:00,42.28,42.5,41.96,52.28,
DATA,D,20230116,00:00:00,43.02,43.02,42.44,53.02,
DATA,D,20230117,00:00:00,42.68,42.72,41.78,52.68,
DATA,D,20230118,00:00:00,42.34,42.5,41.9,52.34,
DATA,D,20230119,00:00:00,42.38,42.38,41.28,52.38,
DATA,D,20230120,00:00:00,41.76,41.92,41.54,51.76,
DATA,D,20230123,00:00:00,41.84,41.98,41.64,51.84,
DATA,D,20230124,00:00:00,42.04,42.22,41.76,52.04,
DATA,D,20230125,00:00:00,41.86,41.86,41.56,51.86,
DATA,D,20230126,00:00:00,41.8,41.92,41.68,51.8,
DATA,D,20230127,00:00:00,41.7,41.94,41.68,51.7,
DATA,D,20230130,00:00:00,41.84,42.22,41.8,51.84,
DATA,D,20230131,00:00:00,42.18,42.44,42.12,52.18,
DATA,D,20230201,00:00:00,42.48,42.86,42.46,52.48,
DATA,D,20230202,00:00:00,42.86,42.94,42.64,52.86,
DATA,D,20230203,00:00:00,42.82,43.14,42.46,52.82,
DATA,D,20230206,00:00:00,42.88,43.68,42.86,52.88,
DATA,D,20230207,00:00:00,43.72,44,43.22,53.72,
DATA,D,20230208,00:00:00,43.62,43.86,43.18,53.62,
DATA,D,20230209,00:00:00,43.4,43.48,43.06,53.4,
DATA,D,20230210,00:00:00,43.3,43.42,43.24,53.3,
DATA,D,20230213,00:00:00,43.38,43.54,43.18,53.38,
DATA,D,20230214,00:00:00,43.42,43.48,42.8,53.42,
DATA,D,20230215,00:00:00,42.84,42.96,40.96,52.84,
DATA,D,20230216,00:00:00,41.9,42.1,41.42,51.9,
DATA,D,20230217,00:00:00,41.72,41.98,41.28,51.72,
DATA,D,20230220,00:00:00,41.88,41.96,41.2,51.88,
DATA,D,20230221,00:00:00,41.92,42.86,41.9,51.92,
DATA,D,20230222,00:00:00,42.5,42.52,42.16,52.5,
DATA,D,20230224,00:00:00,42.4,42.66,42.32,52.4,
DATA,D,20230227,00:00:00,42.3,42.9,41.98,52.3,
DATA,D,20230228,00:00:00,42.92,43.22,42.86,52.92,
DATA,D,20230301,00:00:00,43.2,43.74,43.1,53.2,
DATA,D,20230302,00:00:00,43.62,43.7,42.76,53.62,
DATA,D,20230303,00:00:00,43.12,43.5,43.12,53.12,
DATA,D,20230306,00:00:00,43.6,43.82,43.52,53.6,
DATA,D,20230307,00:00:00,43.82,43.9,43.6,53.82,
DATA,D,20230309,00:00:00,43.86,43.98,43.7,53.86,
DATA,D,20230310,00:00:00,43.74,43.74,43.48,53.74,
DATA,D,20230313,00:00:00,43.7,43.8,43.2,53.7,
DATA,D,20230314,00:00:00,43.52,43.76,43.44,53.52,
DATA,D,20230315,00:00:00,43.72,43.82,43.24,53.72,
DATA,D,20230316,00:00:00,43.48,43.54,42.88,53.48,
DATA,D,20230317,00:00:00,43.54,44.44,43.34,53.54,
DATA,D,20230320,00:00:00,44.5,46.44,44.5,54.5,
DATA,D,20230321,00:00:00,46.28,46.44,45.42,56.28,
DATA,D,20230322,00:00:00,45.8,46.02,45.54,55.8,
DATA,D,20230323,00:00:00,45.82,45.96,45.6,55.82,
DATA,D,20230324,00:00:00,45.8,45.88,45.6,55.8,
DATA,D,20230327,00:00:00,45.84,47.1,45.84,55.84,
DATA,D,20230328,00:00:00,47.14,47.28,46.52,57.14,
DATA,D,20230329,00:00:00,47.06,47.26,46.74,57.06,
DATA,D,20230330,00:00:00,47.2,47.36,47.1,57.2,
DATA,D,20230331,00:00:00,47.38,47.46,46.52,57.38,
DATA,D,20230403,00:00:00,47.32,47.4,47.04,57.32,
DATA,D,20230404,00:00:00,47.5,47.94,47.4,57.5,
DATA,D,20230405,00:00:00,47.74,47.86,47.3,57.74,
DATA,D,20230406,00:00:00,47.84,48.16,47.84,57.84,
DATA,D,20230407,00:00:00,48.04,48.16,47.82,58.04,
DATA,D,20230410,00:00:00,48.14,49.08,48.14,58.14,
DATA,D,20230411,00:00:00,49.8,49.8,48.2,59.8,
DATA,D,20230412,00:00:00,48.8,48.8,48.24,58.8,
DATA,D,20230413,00:00:00,48.72,48.92,48.44,58.72,
DATA,D,20230414,00:00:00,48.72,48.98,48.54,58.72,
DATA,D,20230417,00:00:00,49.12,49.66,49.12,59.12,
DATA,D,20230418,00:00:00,49.68,50.14,49.66,59.68,
DATA,D,20230419,00:00:00,50.2,50.48,49.6,60.2,
DATA,D,20230420,00:00:00,50.04,50.5,49.34,60.04,
DATA,D,20230421,00:00:00,50.54,50.64,50.2,60.54,
DATA,D,20230424,00:00:00,50.46,50.7,50.36,60.46,
DATA,D,20230425,00:00:00,50.66,50.74,50.38,60.66,
DATA,D,20230426,00:00:00,50.54,50.6,50.28,60.54,
DATA,D,20230427,00:00:00,50.46,50.58,50.36,60.46,
DATA,D,20230428,00:00:00,50.7,50.84,49.96,60.7,
DATA,D,20230502,00:00:00,50.3,50.54,49.06,60.3,
DATA,D,20230503,00:00:00,49.78,49.82,48.22,59.78,
DATA,D,20230504,00:00:00,48.28,49.02,48.24,58.28,
DATA,D,20230505,00:00:00,49,49.16,48.18,59,
DATA,D,20230508,00:00:00,48.6,48.84,48.46,58.6,
DATA,D,20230510,00:00:00,48.6,50.16,48.6,58.6,
DATA,D,20230511,00:00:00,50.18,51.02,49.52,60.18,
DATA,D,20230512,00:00:00,50.5,50.88,50.02,60.5,
DATA,D,20230515,00:00:00,50.66,51.54,50.6,60.66,
DATA,D,20230516,00:00:00,51.72,52.02,51.52,61.72,
DATA,D,20230517,00:00:00,51.92,52,51.56,61.92,
DATA,D,20230518,00:00:00,51.98,52,51.62,61.98,
DATA,D,20230519,00:00:00,51.74,51.74,51.28,61.74,
DATA,D,20230522,00:00:00,51.86,51.88,51.6,61.86,
DATA,D,20230523,00:00:00,51.78,51.84,51.3,61.78,
DATA,D,20230524,00:00:00,52,52.06,51.7,62,
DATA,D,20230525,00:00:00,52.04,52.18,51.78,62.04,
DATA,D,20230526,00:00:00,52.14,52.92,52.06,62.14,
DATA,D,20230529,00:00:00,53.3,53.84,53.14,63.3,
DATA,D,20230530,00:00:00,53.76,54,52.02,63.76,
DATA,D,20230531,00:00:00,53.02,53.48,52.3,63.02,
DATA,D,20230601,00:00:00,53.4,54,53.2,63.4,
DATA,D,20230602,00:00:00,53.5,54.2,53.4,63.5,
DATA,D,20230605,00:00:00,54.1,54.5,52.9,64.1,
DATA,D,20230606,00:00:00,53.2,53.5,52.2,63.2,
DATA,D,20230607,00:00:00,53.3,53.8,53.1,63.3,
DATA,D,20230608,00:00:00,53.9,54,53.5,63.9,
DATA,D,20230609,00:00:00,54,54,53.8,64,
DATA,D,20230613,00:00:00,54,55.2,54,64,
DATA,D,20230614,00:00:00,55.3,55.5,54.7,65.3,
DATA,D,20230615,00:00:00,55.3,55.8,55,65.3,
DATA,D,20230616,00:00:00,55.9,56,55.3,65.9,
DATA,D,20230619,00:00:00,55.7,55.9,55.1,65.7,
DATA,D,20230620,00:00:00,55.5,55.7,54.7,65.5,
DATA,D,20230621,00:00:00,55.4,55.7,55.2,65.4,
DATA,D,20230622,00:00:00,55.5,55.6,54.9,65.5,
DATA,D,20230623,00:00:00,55.3,55.3,53.6,65.3,
DATA,D,20230626,00:00:00,55,55.1,53.3,65,
DATA,D,20230627,00:00:00,54.5,55,54.1,64.5,
DATA,D,20230628,00:00:00,55,55.1,54.7,65,
DATA,D,20230629,00:00:00,55.1,55.3,55,65.1,
DATA,D,20230630,00:00:00,55.2,55.3,54.8,65.2,
DATA,D,20230703,00:00:00,55,55.3,55,65,
DATA,D,20230704,00:00:00,55.3,55.3,54.8,65.3,
DATA,D,20230705,00:00:00,55.1,55.5,55.1,65.1,
DATA,D,20230706,00:00:00,55.6,55.8,55.5,65.6,
DATA,D,20230707,00:00:00,55.7,55.9,55.6,65.7,
DATA,D,20230710,00:00:00,56.1,56.9,56,66.1,
DATA,D,20230711,00:00:00,57,57,56.7,67,
DATA,D,20230712,00:00:00,57,57.7,57,67,
DATA,D,20230713,00:00:00,57.6,57.8,57,67.6,
DATA,D,20230714,00:00:00,57.4,57.6,57.1,67.4,
DATA,D,20230717,00:00:00,57.6,58,57.2,67.6,
DATA,D,20230718,00:00:00,57.9,58.9,57.9,67.9,
DATA,D,20230719,00:00:00,59,59.2,58.5,69,
DATA,D,20230720,00:00:00,58.7,58.7,57.5,68.7,
DATA,D,20230721,00:00:00,57.6,58.1,57.3,67.6,
DATA,D,20230724,00:00:00,58.2,58.6,58.1,68.2,
DATA,D,20230725,00:00:00,58.7,59.1,58.5,68.7,
DATA,D,20230726,00:00:00,59.1,59.3,58.8,69.1,
DATA,D,20230727,00:00:00,59.2,59.6,59.2,69.2,
DATA,D,20230728,00:00:00,59.6,59.8,59.3,69.6,
DATA,D,20230731,00:00:00,60.2,61,60.2,70.2,
DATA,D,20230801,00:00:00,61,61.9,60.7,71,
DATA,D,20230802,00:00:00,61.7,62.2,61.1,71.7,
DATA,D,20230803,00:00:00,62.1,62.8,61.6,72.1,
DATA,D,20230804,00:00:00,62.7,63.6,60.4,72.7,
DATA,D,20230807,00:00:00,62,62.5,60.5,72,
DATA,D,20230808,00:00:00,61.5,61.5,60.1,71.5,
DATA,D,20230809,00:00:00,61.6,61.9,61.1,71.6,
DATA,D,20230810,00:00:00,61.7,62.4,61.5,71.7,
DATA,D,20230811,00:00:00,62.6,62.6,62.1,72.6,
DATA,D,20230814,00:00:00,62.9,63.6,60.9,72.9,
DATA,D,20230815,00:00:00,61.2,62.7,54.2,71.2,
DATA,D,20230816,00:00:00,61.5,61.9,59.5,71.5,
DATA,D,20230817,00:00:00,61.1,61.2,59.9,71.1,
DATA,D,20230818,00:00:00,60.9,61.8,60.4,70.9,
DATA,D,20230821,00:00:00,62.2,62.3,61.9,72.2,
DATA,D,20230822,00:00:00,62.1,62.8,61.7,72.1,
DATA,D,20230823,00:00:00,63,63.1,61.4,73,
DATA,D,20230824,00:00:00,61.9,62.3,61.6,71.9,
DATA,D,20230825,00:00:00,62.3,62.4,62.1,72.3,
DATA,D,20230828,00:00:00,62.5,63.2,62.4,72.5,
DATA,D,20230829,00:00:00,63.2,63.5,63.1,73.2,
DATA,D,20230830,00:00:00,63.5,63.6,63.3,73.5,
DATA,D,20230831,00:00:00,63.6,63.9,63.5,73.6,
DATA,D,20230901,00:00:00,63.9,63.9,63.7,73.9,
DATA,D,20230904,00:00:00,64.1,64.9,64,74.1,
DATA,D,20230905,00:00:00,64.9,65.1,64.3,74.9,
DATA,D,20230906,00:00:00,64.7,64.8,64.2,74.7,
DATA,D,20230907,00:00:00,64.4,64.6,62.4,74.4,
DATA,D,20230908,00:00:00,63.1,63.3,61.7,73.1,
DATA,D,20230911,00:00:00,61.8,62.4,61,71.8,
DATA,D,20230912,00:00:00,61.7,63.2,61.6,71.7,
DATA,D,20230913,00:00:00,63.2,63.2,62.2,73.2,
DATA,D,20230914,00:00:00,62.7,62.7,60.9,72.7,
DATA,D,20230915,00:00:00,61.9,62.5,61.7,71.9,
DATA,D,20230918,00:00:00,62.7,63.1,61.9,72.7,
DATA,D,20230919,00:00:00,62.2,62.3,60.6,72.2,
DATA,D,20230920,00:00:00,61.2,61.4,59.8,71.2,
DATA,D,20230921,00:00:00,60.7,60.8,59.6,70.7,
DATA,D,20230922,00:00:00,59.9,60.6,59.2,69.9,
DATA,D,20230925,00:00:00,60.5,60.7,60.1,70.5,
DATA,D,20230926,00:00:00,60.2,60.6,59.6,70.2,
DATA,D,20230927,00:00:00,60.6,61.2,60.6,70.6,
DATA,D,20230928,00:00:00,60.9,61.8,60.8,70.9,
DATA,D,20230929,00:00:00,61.8,62.1,61.6,71.8,
DATA,D,20231002,00:00:00,62.4,62.5,62,72.4,
DATA,D,20231003,00:00:00,62.1,62.3,61.3,72.1,
DATA,D,20231004,00:00:00,62.1,62.5,61.7,72.1,
DATA,D,20231005,00:00:00,62,62.1,61.6,72,
DATA,D,20231006,00:00:00,62.2,62.4,61.8,72.2,
DATA,D,20231009,00:00:00,62.6,63.1,62.5,72.6,
DATA,D,20231010,00:00:00,63,63.3,62.8,73,
DATA,D,20231011,00:00:00,63.2,63.5,62.2,73.2,
DATA,D,20231012,00:00:00,62.3,63.2,62.2,72.3,
DATA,D,20231013,00:00:00,63.4,63.5,63.2,73.4,
DATA,D,20231016,00:00:00,63.7,64.3,63.7,73.7,
DATA,D,20231017,00:00:00,64.3,64.5,64.2,74.3,
DATA,D,20231018,00:00:00,64.5,64.8,64.2,74.5,
DATA,D,20231019,00:00:00,64.4,64.7,64.3,74.4,
DATA,D,20231020,00:00:00,64.6,64.9,64.4,74.6,
DATA,D,20231023,00:00:00,64.9,65.2,64.7,74.9,
DATA,D,20231024,00:00:00,64.8,64.9,64.5,74.8,
DATA,D,20231025,00:00:00,64.7,65.1,64.6,74.7,
DATA,D,20231026,00:00:00,65.1,65.3,63.9,75.1,
DATA,D,20231027,00:00:00,64.2,64.4,63.5,74.2,
DATA,D,20231030,00:00:00,64.2,64.6,63.9,74.2,
DATA,D,20231031,00:00:00,64.1,64.3,63.1,74.1,
DATA,D,20231101,00:00:00,63.3,63.9,63.2,73.3,
DATA,D,20231102,00:00:00,63.9,64.2,63.6,73.9,
DATA,D,20231103,00:00:00,63.8,63.9,63.3,73.8,
DATA,D,20231106,00:00:00,63.8,64.3,63.7,73.8,
DATA,D,20231107,00:00:00,64.2,64.4,64.1,74.2,
DATA,D,20231108,00:00:00,64.3,64.7,64.1,74.3,
DATA,D,20231109,00:00:00,64.3,64.5,64,74.3,
DATA,D,20231110,00:00:00,64.2,64.5,64.1,74.2,
DATA,D,20231113,00:00:00,64.4,64.6,64.2,74.4,
DATA,D,20231114,00:00:00,64.3,64.4,63.4,74.3,
DATA,D,20231115,00:00:00,63.5,64.2,63.3,73.5,
DATA,D,20231116,00:00:00,63.7,64.1,63.2,73.7,
DATA,D,20231117,00:00:00,63.2,63.8,62.7,73.2,
DATA,D,20231120,00:00:00,63.7,64,63.5,73.7,
DATA,D,20231121,00:00:00,63.5,64,63.4,73.5,
DATA,D,20231122,00:00:00,64,64.4,63.9,74,
DATA,D,20231123,00:00:00,64.3,64.3,63.7,74.3,
DATA,D,20231124,00:00:00,64,64.1,63.6,74,
DATA,D,20231127,00:00:00,64,64.1,63,74,
DATA,D,20231128,00:00:00,63.6,63.6,62.7,73.6,
DATA,D,20231129,00:00:00,63.5,63.6,63,73.5,
DATA,D,20231130,00:00:00,63,63.2,62.6,73,
DATA,D,20231201,00:00:00,62.8,62.9,62.3,72.8,
DATA,D,20231204,00:00:00,62.2,62.3,61.4,72.2,
DATA,D,20231205,00:00:00,61.7,62.4,61.5,71.7,
DATA,D,20231206,00:00:00,62.4,62.7,60.8,72.4,
DATA,D,20231207,00:00:00,61.1,61.4,60.4,71.1,
DATA,D,20231208,00:00:00,61.4,61.6,61,71.4,
DATA,D,20231211,00:00:00,61.2,61.3,59.8,71.2,
DATA,D,20231212,00:00:00,60.3,60.6,59.5,70.3,
DATA,D,20231213,00:00:00,59.8,60.6,59.7,69.8,
DATA,D,20231214,00:00:00,60.6,60.9,59.4,70.6,
DATA,D,20231215,00:00:00,59.5,60.6,58.8,69.5,
DATA,D,20231218,00:00:00,60.7,61.4,60.6,70.7,
DATA,D,20231219,00:00:00,61.3,62.1,60.9,71.3,
DATA,D,20231220,00:00:00,62.1,62.5,62,72.1,
DATA,D,20231221,00:00:00,62.3,62.4,61.3,72.3,
DATA,D,20231222,00:00:00,61.8,62.4,61.8,71.8,
DATA,D,20231225,00:00:00,62.5,62.8,62.3,72.5,
DATA,D,20231226,00:00:00,62.5,62.6,62.1,72.5,
DATA,D,20231227,00:00:00,62.4,62.6,62.3,72.4,
DATA,D,20231228,00:00:00,62.3,62.6,62.2,72.3,
DATA,D,20231229,00:00:00,62.5,62.6,62.3,72.5,
DATA,D,20240103,00:00:00,62.6,63.3,62.5,72.6,
DATA,D,20240104,00:00:00,63.4,63.5,63.2,73.4,
DATA,D,20240105,00:00:00,63.2,63.4,63.2,73.2,
DATA,D,20240108,00:00:00,63.4,63.9,63.3,73.4,
DATA,D,20240109,00:00:00,63.9,63.9,63.6,73.9,
DATA,D,20240110,00:00:00,63.8,64.2,63.7,73.8,
DATA,D,20240111,00:00:00,64.1,64.3,63.9,74.1,
DATA,D,20240112,00:00:00,64.3,64.6,64.1,74.3,
DATA,D,20240115,00:00:00,64.6,65,64.5,74.6,
DATA,D,20240116,00:00:00,64.6,64.7,64.2,74.6,
DATA,D,20240117,00:00:00,64.3,64.8,64.2,74.3,
DATA,D,20240118,00:00:00,64.8,64.9,64.4,74.8,
DATA,D,20240119,00:00:00,64.5,64.6,64,74.5,
DATA,D,20240122,00:00:00,64.2,64.4,64.1,74.2,
DATA,D,20240123,00:00:00,64.4,64.4,64.2,74.4,
DATA,D,20240124,00:00:00,64.3,64.4,64,74.3,
DATA,D,20240125,00:00:00,64.1,64.2,63.6,74.1,
DATA,D,20240126,00:00:00,64,64.3,63.9,74,
DATA,D,20240129,00:00:00,64.2,64.7,64.2,74.2,
DATA,D,20240130,00:00:00,64.6,64.8,64.5,74.6,
DATA,D,20240131,00:00:00,64.8,65.2,64.8,74.8,
DATA,D,20240201,00:00:00,65.2,65.5,65.1,75.2,
DATA,D,20240202,00:00:00,65.3,65.5,65.1,75.3,
DATA,D,20240205,00:00:00,65.3,65.6,65.3,75.3,
DATA,D,20240206,00:00:00,65.6,65.8,65.5,75.6,
DATA,D,20240207,00:00:00,65.8,66.3,65.7,75.8,
DATA,D,20240208,00:00:00,66.3,66.4,65.4,76.3,
DATA,D,20240209,00:00:00,65.5,65.8,65.2,75.5,
DATA,D,20240212,00:00:00,65.8,66,65.5,75.8,
DATA,D,20240213,00:00:00,65.8,66,65.8,75.8,
DATA,D,20240214,00:00:00,66,66.3,65.9,76,
DATA,D,20240215,00:00:00,66,66.3,65.7,76,
DATA,D,20240216,00:00:00,66.3,66.5,65.5,76.3,
DATA,D,20240219,00:00:00,65.9,66.1,65.7,75.9,
DATA,D,20240220,00:00:00,65.9,65.9,64.3,75.9,
DATA,D,20240221,00:00:00,64.5,64.5,63.6,74.5,
DATA,D,20240222,00:00:00,64,64.4,63.8,74,
DATA,D,20240226,00:00:00,64.7,65.4,64.3,74.7,
DATA,D,20240227,00:00:00,65.3,65.4,65,75.3,
DATA,D,20240228,00:00:00,65.1,65.5,65,75.1,
DATA,D,20240229,00:00:00,65.3,66,65.2,75.3,
DATA,D,20240301,00:00:00,66.1,66.3,65.7,76.1,
DATA,D,20240304,00:00:00,66.4,66.8,66.3,76.4,
DATA,D,20240305,00:00:00,66.8,67,66.6,76.8,
DATA,D,20240306,00:00:00,66.9,67.2,66.6,76.9,
DATA,D,20240307,00:00:00,66.9,67.2,66.8,76.9,
DATA,D,20240311,00:00:00,67.5,67.8,67.4,77.5,
DATA,D,20240312,00:00:00,67.4,67.6,67.1,77.4,
DATA,D,20240313,00:00:00,67.7,67.8,67.3,77.7,
DATA,D,20240314,00:00:00,67.2,67.4,66.7,77.2,
DATA,D,20240315,00:00:00,66.9,67.1,66.7,76.9,
DATA,D,20240318,00:00:00,67.3,67.4,66.6,77.3,
DATA,D,20240319,00:00:00,66.8,66.9,66,76.8,
DATA,D,20240320,00:00:00,66.5,66.7,66.1,76.5,
DATA,D,20240321,00:00:00,66.5,66.7,66.1,76.5,
DATA,D,20240322,00:00:00,66.6,66.8,65.4,76.6,
DATA,D,20240325,00:00:00,65.9,66.7,65.7,75.9,
DATA,D,20240326,00:00:00,66.8,67,66.6,76.8,
DATA,D,20240327,00:00:00,66.9,67.1,66.6,76.9,
DATA,D,20240328,00:00:00,67,67.3,66.9,77,
DATA,D,20240329,00:00:00,67.4,68,67.2,77.4,
DATA,D,20240401,00:00:00,68,68.3,67.9,78,
DATA,D,20240402,00:00:00,68.4,68.5,68.1,78.4,
DATA,D,20240403,00:00:00,68.5,68.9,68.4,78.5,
DATA,D,20240404,00:00:00,68.8,69.1,68.7,78.8,
DATA,D,20240405,00:00:00,68.8,69,68.6,78.8,
DATA,D,20240408,00:00:00,68.8,69.5,68.8,78.8,
DATA,D,20240409,00:00:00,69.5,69.8,69.1,79.5,
DATA,D,20240410,00:00:00,69.5,69.8,69.1,79.5,
DATA,D,20240411,00:00:00,69.8,70.1,69.7,79.8,
DATA,D,20240412,00:00:00,69.9,70.2,69.9,79.9,
DATA,D,20240415,00:00:00,70.2,70.9,70.1,80.2,
DATA,D,20240416,00:00:00,70.9,70.9,70.3,80.9,
DATA,D,20240417,00:00:00,70.5,70.7,69.8,80.5,
DATA,D,20240418,00:00:00,70,70.2,69.9,80,
DATA,D,20240419,00:00:00,70.1,70.4,70.1,80.1,
DATA,D,20240422,00:00:00,70.4,70.6,70.3,80.4,
DATA,D,20240423,00:00:00,70.7,70.8,69.7,80.7,
DATA,D,20240424,00:00:00,69.8,70.1,69.5,79.8,
DATA,D,20240425,00:00:00,69.7,69.9,69.5,79.7,
DATA,D,20240426,00:00:00,70,70.1,69.8,80,
DATA,D,20240427,00:00:00,70.2,70.3,70.1,80.2,
DATA,D,20240429,00:00:00,70.3,70.6,70.2,80.3,
DATA,D,20240430,00:00:00,70.5,70.7,70.3,80.5,
DATA,D,20240502,00:00:00,70.5,70.5,69.8,80.5,
DATA,D,20240503,00:00:00,70,70.1,69.6,80,
DATA,D,20240506,00:00:00,69.9,70.4,69.5,79.9,
DATA,D,20240507,00:00:00,69.6,70.2,69.5,79.6,
DATA,D,20240508,00:00:00,70.3,70.4,70.2,80.3,
DATA,D,20240510,00:00:00,70.4,70.7,70.4,80.4,
